yolo,./benchmarks/yolo/onnx/TinyYOLO.onnx,./benchmarks/yolo/vnnlib/TinyYOLO_prop_000145_eps_1_255.vnnlib,12.183000343,unsat,10.898224721
yolo,./benchmarks/yolo/onnx/TinyYOLO.onnx,./benchmarks/yolo/vnnlib/TinyYOLO_prop_000312_eps_1_255.vnnlib,11.263461424,unsat,11.055666919
yolo,./benchmarks/yolo/onnx/TinyYOLO.onnx,./benchmarks/yolo/vnnlib/TinyYOLO_prop_000209_eps_1_255.vnnlib,28.344318635,timeout,313.603265038
yolo,./benchmarks/yolo/onnx/TinyYOLO.onnx,./benchmarks/yolo/vnnlib/TinyYOLO_prop_000305_eps_1_255.vnnlib,14.304611728,unsat,14.082752631
yolo,./benchmarks/yolo/onnx/TinyYOLO.onnx,./benchmarks/yolo/vnnlib/TinyYOLO_prop_000063_eps_1_255.vnnlib,11.446301993,unsat,11.211865953
yolo,./benchmarks/yolo/onnx/TinyYOLO.onnx,./benchmarks/yolo/vnnlib/TinyYOLO_prop_000083_eps_1_255.vnnlib,18.638260967,unsat,18.061145723
yolo,./benchmarks/yolo/onnx/TinyYOLO.onnx,./benchmarks/yolo/vnnlib/TinyYOLO_prop_000136_eps_1_255.vnnlib,11.536827825,unsat,11.493445064
yolo,./benchmarks/yolo/onnx/TinyYOLO.onnx,./benchmarks/yolo/vnnlib/TinyYOLO_prop_000170_eps_1_255.vnnlib,11.668782033,unsat,11.161128878
yolo,./benchmarks/yolo/onnx/TinyYOLO.onnx,./benchmarks/yolo/vnnlib/TinyYOLO_prop_000171_eps_1_255.vnnlib,11.488726989,unsat,11.104736604
yolo,./benchmarks/yolo/onnx/TinyYOLO.onnx,./benchmarks/yolo/vnnlib/TinyYOLO_prop_000142_eps_1_255.vnnlib,11.704818523,unsat,10.926552294
yolo,./benchmarks/yolo/onnx/TinyYOLO.onnx,./benchmarks/yolo/vnnlib/TinyYOLO_prop_000322_eps_1_255.vnnlib,11.485530882,unsat,11.081308750
yolo,./benchmarks/yolo/onnx/TinyYOLO.onnx,./benchmarks/yolo/vnnlib/TinyYOLO_prop_000426_eps_1_255.vnnlib,26.537119046,timeout,314.512360165
yolo,./benchmarks/yolo/onnx/TinyYOLO.onnx,./benchmarks/yolo/vnnlib/TinyYOLO_prop_000386_eps_1_255.vnnlib,11.200670732,unsat,11.541821468
yolo,./benchmarks/yolo/onnx/TinyYOLO.onnx,./benchmarks/yolo/vnnlib/TinyYOLO_prop_000059_eps_1_255.vnnlib,11.517172222,unsat,11.214934942
yolo,./benchmarks/yolo/onnx/TinyYOLO.onnx,./benchmarks/yolo/vnnlib/TinyYOLO_prop_000408_eps_1_255.vnnlib,11.446017626,unsat,11.153990777
yolo,./benchmarks/yolo/onnx/TinyYOLO.onnx,./benchmarks/yolo/vnnlib/TinyYOLO_prop_000068_eps_1_255.vnnlib,11.392736611,unsat,11.295743424
yolo,./benchmarks/yolo/onnx/TinyYOLO.onnx,./benchmarks/yolo/vnnlib/TinyYOLO_prop_000062_eps_1_255.vnnlib,29.504330732,timeout,319.294967651
yolo,./benchmarks/yolo/onnx/TinyYOLO.onnx,./benchmarks/yolo/vnnlib/TinyYOLO_prop_000280_eps_1_255.vnnlib,11.438917841,unsat,11.168897275
yolo,./benchmarks/yolo/onnx/TinyYOLO.onnx,./benchmarks/yolo/vnnlib/TinyYOLO_prop_000243_eps_1_255.vnnlib,11.274169743,unsat,11.040138006
yolo,./benchmarks/yolo/onnx/TinyYOLO.onnx,./benchmarks/yolo/vnnlib/TinyYOLO_prop_000397_eps_1_255.vnnlib,11.206868215,unsat,11.365834723
yolo,./benchmarks/yolo/onnx/TinyYOLO.onnx,./benchmarks/yolo/vnnlib/TinyYOLO_prop_000102_eps_1_255.vnnlib,12.395551486,unsat,11.108742007
yolo,./benchmarks/yolo/onnx/TinyYOLO.onnx,./benchmarks/yolo/vnnlib/TinyYOLO_prop_000176_eps_1_255.vnnlib,11.273730986,unsat,11.483357106
yolo,./benchmarks/yolo/onnx/TinyYOLO.onnx,./benchmarks/yolo/vnnlib/TinyYOLO_prop_000115_eps_1_255.vnnlib,11.623966196,unsat,11.126637401
yolo,./benchmarks/yolo/onnx/TinyYOLO.onnx,./benchmarks/yolo/vnnlib/TinyYOLO_prop_000239_eps_1_255.vnnlib,11.228781110,unsat,10.951755153
yolo,./benchmarks/yolo/onnx/TinyYOLO.onnx,./benchmarks/yolo/vnnlib/TinyYOLO_prop_000286_eps_1_255.vnnlib,11.206336547,unsat,11.021031093
yolo,./benchmarks/yolo/onnx/TinyYOLO.onnx,./benchmarks/yolo/vnnlib/TinyYOLO_prop_000461_eps_1_255.vnnlib,11.743588218,unsat,11.265979049
yolo,./benchmarks/yolo/onnx/TinyYOLO.onnx,./benchmarks/yolo/vnnlib/TinyYOLO_prop_000344_eps_1_255.vnnlib,11.886760361,unsat,11.000746109
yolo,./benchmarks/yolo/onnx/TinyYOLO.onnx,./benchmarks/yolo/vnnlib/TinyYOLO_prop_000175_eps_1_255.vnnlib,11.375993732,unsat,11.137650757
yolo,./benchmarks/yolo/onnx/TinyYOLO.onnx,./benchmarks/yolo/vnnlib/TinyYOLO_prop_000084_eps_1_255.vnnlib,11.300073430,unsat,11.001053979
yolo,./benchmarks/yolo/onnx/TinyYOLO.onnx,./benchmarks/yolo/vnnlib/TinyYOLO_prop_000103_eps_1_255.vnnlib,11.329914130,unsat,12.062541067
yolo,./benchmarks/yolo/onnx/TinyYOLO.onnx,./benchmarks/yolo/vnnlib/TinyYOLO_prop_000071_eps_1_255.vnnlib,11.303701790,unsat,11.030969416
yolo,./benchmarks/yolo/onnx/TinyYOLO.onnx,./benchmarks/yolo/vnnlib/TinyYOLO_prop_000244_eps_1_255.vnnlib,11.362924382,unsat,11.599115768
yolo,./benchmarks/yolo/onnx/TinyYOLO.onnx,./benchmarks/yolo/vnnlib/TinyYOLO_prop_000214_eps_1_255.vnnlib,11.233971162,unsat,11.073118438
yolo,./benchmarks/yolo/onnx/TinyYOLO.onnx,./benchmarks/yolo/vnnlib/TinyYOLO_prop_000082_eps_1_255.vnnlib,11.204795687,unsat,11.230987123
yolo,./benchmarks/yolo/onnx/TinyYOLO.onnx,./benchmarks/yolo/vnnlib/TinyYOLO_prop_000028_eps_1_255.vnnlib,11.425961548,unsat,11.050410251
yolo,./benchmarks/yolo/onnx/TinyYOLO.onnx,./benchmarks/yolo/vnnlib/TinyYOLO_prop_000026_eps_1_255.vnnlib,11.227092427,unsat,10.967833657
yolo,./benchmarks/yolo/onnx/TinyYOLO.onnx,./benchmarks/yolo/vnnlib/TinyYOLO_prop_000262_eps_1_255.vnnlib,11.419199243,unsat,11.093347463
yolo,./benchmarks/yolo/onnx/TinyYOLO.onnx,./benchmarks/yolo/vnnlib/TinyYOLO_prop_000150_eps_1_255.vnnlib,11.181834130,unsat,11.001574439
yolo,./benchmarks/yolo/onnx/TinyYOLO.onnx,./benchmarks/yolo/vnnlib/TinyYOLO_prop_000443_eps_1_255.vnnlib,11.242789135,unsat,11.023040912
yolo,./benchmarks/yolo/onnx/TinyYOLO.onnx,./benchmarks/yolo/vnnlib/TinyYOLO_prop_000011_eps_1_255.vnnlib,27.666616718,timeout,319.511913969
yolo,./benchmarks/yolo/onnx/TinyYOLO.onnx,./benchmarks/yolo/vnnlib/TinyYOLO_prop_000245_eps_1_255.vnnlib,11.793415148,unsat,11.087069559
yolo,./benchmarks/yolo/onnx/TinyYOLO.onnx,./benchmarks/yolo/vnnlib/TinyYOLO_prop_000348_eps_1_255.vnnlib,28.607720737,timeout,314.559236194
yolo,./benchmarks/yolo/onnx/TinyYOLO.onnx,./benchmarks/yolo/vnnlib/TinyYOLO_prop_000314_eps_1_255.vnnlib,11.141456472,unsat,11.132242858
yolo,./benchmarks/yolo/onnx/TinyYOLO.onnx,./benchmarks/yolo/vnnlib/TinyYOLO_prop_000407_eps_1_255.vnnlib,11.264660831,unsat,11.072304240
yolo,./benchmarks/yolo/onnx/TinyYOLO.onnx,./benchmarks/yolo/vnnlib/TinyYOLO_prop_000023_eps_1_255.vnnlib,11.119271463,unsat,11.082757203
yolo,./benchmarks/yolo/onnx/TinyYOLO.onnx,./benchmarks/yolo/vnnlib/TinyYOLO_prop_000162_eps_1_255.vnnlib,11.507391272,unsat,11.192402960
yolo,./benchmarks/yolo/onnx/TinyYOLO.onnx,./benchmarks/yolo/vnnlib/TinyYOLO_prop_000067_eps_1_255.vnnlib,11.243470081,unsat,11.012138607
yolo,./benchmarks/yolo/onnx/TinyYOLO.onnx,./benchmarks/yolo/vnnlib/TinyYOLO_prop_000427_eps_1_255.vnnlib,11.340003492,unsat,11.128576202
yolo,./benchmarks/yolo/onnx/TinyYOLO.onnx,./benchmarks/yolo/vnnlib/TinyYOLO_prop_000452_eps_1_255.vnnlib,28.299748379,unsat,29.936336159
yolo,./benchmarks/yolo/onnx/TinyYOLO.onnx,./benchmarks/yolo/vnnlib/TinyYOLO_prop_000282_eps_1_255.vnnlib,26.880171839,unsat,27.257731138
yolo,./benchmarks/yolo/onnx/TinyYOLO.onnx,./benchmarks/yolo/vnnlib/TinyYOLO_prop_000240_eps_1_255.vnnlib,11.307416764,unsat,11.121308786
yolo,./benchmarks/yolo/onnx/TinyYOLO.onnx,./benchmarks/yolo/vnnlib/TinyYOLO_prop_000051_eps_1_255.vnnlib,28.595423247,timeout,312.570383202
yolo,./benchmarks/yolo/onnx/TinyYOLO.onnx,./benchmarks/yolo/vnnlib/TinyYOLO_prop_000127_eps_1_255.vnnlib,11.337091206,unsat,11.022540199
yolo,./benchmarks/yolo/onnx/TinyYOLO.onnx,./benchmarks/yolo/vnnlib/TinyYOLO_prop_000355_eps_1_255.vnnlib,11.177779259,unsat,10.982026988
yolo,./benchmarks/yolo/onnx/TinyYOLO.onnx,./benchmarks/yolo/vnnlib/TinyYOLO_prop_000074_eps_1_255.vnnlib,11.078364282,unsat,10.959876895
yolo,./benchmarks/yolo/onnx/TinyYOLO.onnx,./benchmarks/yolo/vnnlib/TinyYOLO_prop_000179_eps_1_255.vnnlib,11.169724805,unsat,11.041011278
yolo,./benchmarks/yolo/onnx/TinyYOLO.onnx,./benchmarks/yolo/vnnlib/TinyYOLO_prop_000219_eps_1_255.vnnlib,11.202758123,unsat,10.903056281
yolo,./benchmarks/yolo/onnx/TinyYOLO.onnx,./benchmarks/yolo/vnnlib/TinyYOLO_prop_000432_eps_1_255.vnnlib,11.211511470,unsat,10.984231630
yolo,./benchmarks/yolo/onnx/TinyYOLO.onnx,./benchmarks/yolo/vnnlib/TinyYOLO_prop_000375_eps_1_255.vnnlib,27.006209932,unsat,27.476090404
yolo,./benchmarks/yolo/onnx/TinyYOLO.onnx,./benchmarks/yolo/vnnlib/TinyYOLO_prop_000274_eps_1_255.vnnlib,11.526779865,unsat,11.249551780
yolo,./benchmarks/yolo/onnx/TinyYOLO.onnx,./benchmarks/yolo/vnnlib/TinyYOLO_prop_000257_eps_1_255.vnnlib,30.687431070,timeout,317.739600675
yolo,./benchmarks/yolo/onnx/TinyYOLO.onnx,./benchmarks/yolo/vnnlib/TinyYOLO_prop_000321_eps_1_255.vnnlib,11.225532622,unsat,11.002850662
yolo,./benchmarks/yolo/onnx/TinyYOLO.onnx,./benchmarks/yolo/vnnlib/TinyYOLO_prop_000424_eps_1_255.vnnlib,11.258993030,unsat,11.105589502
yolo,./benchmarks/yolo/onnx/TinyYOLO.onnx,./benchmarks/yolo/vnnlib/TinyYOLO_prop_000180_eps_1_255.vnnlib,11.301170940,unsat,11.057186303
yolo,./benchmarks/yolo/onnx/TinyYOLO.onnx,./benchmarks/yolo/vnnlib/TinyYOLO_prop_000357_eps_1_255.vnnlib,27.259211185,unsat,30.155607041
yolo,./benchmarks/yolo/onnx/TinyYOLO.onnx,./benchmarks/yolo/vnnlib/TinyYOLO_prop_000300_eps_1_255.vnnlib,30.324537086,timeout,313.021899548
yolo,./benchmarks/yolo/onnx/TinyYOLO.onnx,./benchmarks/yolo/vnnlib/TinyYOLO_prop_000271_eps_1_255.vnnlib,11.658787127,unsat,11.550626091
yolo,./benchmarks/yolo/onnx/TinyYOLO.onnx,./benchmarks/yolo/vnnlib/TinyYOLO_prop_000267_eps_1_255.vnnlib,11.717648368,unsat,11.484318571
yolo,./benchmarks/yolo/onnx/TinyYOLO.onnx,./benchmarks/yolo/vnnlib/TinyYOLO_prop_000425_eps_1_255.vnnlib,11.464610555,unsat,11.315860800
yolo,./benchmarks/yolo/onnx/TinyYOLO.onnx,./benchmarks/yolo/vnnlib/TinyYOLO_prop_000189_eps_1_255.vnnlib,11.282429774,unsat,11.516886661
yolo,./benchmarks/yolo/onnx/TinyYOLO.onnx,./benchmarks/yolo/vnnlib/TinyYOLO_prop_000323_eps_1_255.vnnlib,11.252103120,unsat,11.234492903
yolo,./benchmarks/yolo/onnx/TinyYOLO.onnx,./benchmarks/yolo/vnnlib/TinyYOLO_prop_000288_eps_1_255.vnnlib,27.810824783,unsat,48.104017854
yolo,./benchmarks/yolo/onnx/TinyYOLO.onnx,./benchmarks/yolo/vnnlib/TinyYOLO_prop_000033_eps_1_255.vnnlib,11.233984253,unsat,10.891331465
yolo,./benchmarks/yolo/onnx/TinyYOLO.onnx,./benchmarks/yolo/vnnlib/TinyYOLO_prop_000287_eps_1_255.vnnlib,26.773604850,timeout,313.632352417
yolo,./benchmarks/yolo/onnx/TinyYOLO.onnx,./benchmarks/yolo/vnnlib/TinyYOLO_prop_000173_eps_1_255.vnnlib,11.122866019,unsat,11.164265021
yolo,./benchmarks/yolo/onnx/TinyYOLO.onnx,./benchmarks/yolo/vnnlib/TinyYOLO_prop_000191_eps_1_255.vnnlib,11.101505112,unsat,11.015969090
yolo,./benchmarks/yolo/onnx/TinyYOLO.onnx,./benchmarks/yolo/vnnlib/TinyYOLO_prop_000076_eps_1_255.vnnlib,29.551235321,unsat,73.077878434
yolo,./benchmarks/yolo/onnx/TinyYOLO.onnx,./benchmarks/yolo/vnnlib/TinyYOLO_prop_000373_eps_1_255.vnnlib,11.089840221,unsat,10.847034620
yolo,./benchmarks/yolo/onnx/TinyYOLO.onnx,./benchmarks/yolo/vnnlib/TinyYOLO_prop_000291_eps_1_255.vnnlib,11.060236097,unsat,10.935304599
yolo,./benchmarks/yolo/onnx/TinyYOLO.onnx,./benchmarks/yolo/vnnlib/TinyYOLO_prop_000022_eps_1_255.vnnlib,26.082692766,timeout,315.664610027
yolo,./benchmarks/yolo/onnx/TinyYOLO.onnx,./benchmarks/yolo/vnnlib/TinyYOLO_prop_000404_eps_1_255.vnnlib,11.567344148,unsat,10.970392198
yolo,./benchmarks/yolo/onnx/TinyYOLO.onnx,./benchmarks/yolo/vnnlib/TinyYOLO_prop_000371_eps_1_255.vnnlib,11.167295026,unsat,10.878348141
yolo,./benchmarks/yolo/onnx/TinyYOLO.onnx,./benchmarks/yolo/vnnlib/TinyYOLO_prop_000014_eps_1_255.vnnlib,11.243509039,unsat,11.063070489
yolo,./benchmarks/yolo/onnx/TinyYOLO.onnx,./benchmarks/yolo/vnnlib/TinyYOLO_prop_000418_eps_1_255.vnnlib,11.224083240,unsat,11.025117130
yolo,./benchmarks/yolo/onnx/TinyYOLO.onnx,./benchmarks/yolo/vnnlib/TinyYOLO_prop_000391_eps_1_255.vnnlib,11.276687881,unsat,11.056170499
yolo,./benchmarks/yolo/onnx/TinyYOLO.onnx,./benchmarks/yolo/vnnlib/TinyYOLO_prop_000201_eps_1_255.vnnlib,11.558101596,unsat,11.246900597
yolo,./benchmarks/yolo/onnx/TinyYOLO.onnx,./benchmarks/yolo/vnnlib/TinyYOLO_prop_000334_eps_1_255.vnnlib,28.679452370,timeout,315.572795424
yolo,./benchmarks/yolo/onnx/TinyYOLO.onnx,./benchmarks/yolo/vnnlib/TinyYOLO_prop_000390_eps_1_255.vnnlib,26.400269664,unsat,218.850636641
yolo,./benchmarks/yolo/onnx/TinyYOLO.onnx,./benchmarks/yolo/vnnlib/TinyYOLO_prop_000392_eps_1_255.vnnlib,11.640481545,unsat,11.203057546
yolo,./benchmarks/yolo/onnx/TinyYOLO.onnx,./benchmarks/yolo/vnnlib/TinyYOLO_prop_000381_eps_1_255.vnnlib,11.280255991,unsat,11.377068079
yolo,./benchmarks/yolo/onnx/TinyYOLO.onnx,./benchmarks/yolo/vnnlib/TinyYOLO_prop_000236_eps_1_255.vnnlib,26.930470554,timeout,313.146066776
yolo,./benchmarks/yolo/onnx/TinyYOLO.onnx,./benchmarks/yolo/vnnlib/TinyYOLO_prop_000394_eps_1_255.vnnlib,12.495783797,unsat,11.050140495
yolo,./benchmarks/yolo/onnx/TinyYOLO.onnx,./benchmarks/yolo/vnnlib/TinyYOLO_prop_000264_eps_1_255.vnnlib,11.763640406,unsat,11.724460831
yolo,./benchmarks/yolo/onnx/TinyYOLO.onnx,./benchmarks/yolo/vnnlib/TinyYOLO_prop_000398_eps_1_255.vnnlib,11.307245614,unsat,10.953403354
yolo,./benchmarks/yolo/onnx/TinyYOLO.onnx,./benchmarks/yolo/vnnlib/TinyYOLO_prop_000002_eps_1_255.vnnlib,11.162154516,unsat,11.385578088
yolo,./benchmarks/yolo/onnx/TinyYOLO.onnx,./benchmarks/yolo/vnnlib/TinyYOLO_prop_000202_eps_1_255.vnnlib,11.473258536,unsat,10.909306936
yolo,./benchmarks/yolo/onnx/TinyYOLO.onnx,./benchmarks/yolo/vnnlib/TinyYOLO_prop_000401_eps_1_255.vnnlib,11.101884619,unsat,11.028865137
yolo,./benchmarks/yolo/onnx/TinyYOLO.onnx,./benchmarks/yolo/vnnlib/TinyYOLO_prop_000269_eps_1_255.vnnlib,11.303976657,unsat,10.978192583
yolo,./benchmarks/yolo/onnx/TinyYOLO.onnx,./benchmarks/yolo/vnnlib/TinyYOLO_prop_000195_eps_1_255.vnnlib,11.131344628,unsat,11.054705301
yolo,./benchmarks/yolo/onnx/TinyYOLO.onnx,./benchmarks/yolo/vnnlib/TinyYOLO_prop_000434_eps_1_255.vnnlib,11.109238869,unsat,11.140990387
yolo,./benchmarks/yolo/onnx/TinyYOLO.onnx,./benchmarks/yolo/vnnlib/TinyYOLO_prop_000092_eps_1_255.vnnlib,11.226769030,unsat,11.289883097
yolo,./benchmarks/yolo/onnx/TinyYOLO.onnx,./benchmarks/yolo/vnnlib/TinyYOLO_prop_000446_eps_1_255.vnnlib,11.259164759,unsat,10.862898917
yolo,./benchmarks/yolo/onnx/TinyYOLO.onnx,./benchmarks/yolo/vnnlib/TinyYOLO_prop_000025_eps_1_255.vnnlib,11.240757086,unsat,11.033677716
yolo,./benchmarks/yolo/onnx/TinyYOLO.onnx,./benchmarks/yolo/vnnlib/TinyYOLO_prop_000069_eps_1_255.vnnlib,11.243562008,unsat,11.150805858
yolo,./benchmarks/yolo/onnx/TinyYOLO.onnx,./benchmarks/yolo/vnnlib/TinyYOLO_prop_000129_eps_1_255.vnnlib,11.067917812,unsat,10.921857326
yolo,./benchmarks/yolo/onnx/TinyYOLO.onnx,./benchmarks/yolo/vnnlib/TinyYOLO_prop_000177_eps_1_255.vnnlib,11.196324881,unsat,11.152937386
yolo,./benchmarks/yolo/onnx/TinyYOLO.onnx,./benchmarks/yolo/vnnlib/TinyYOLO_prop_000326_eps_1_255.vnnlib,11.266316499,unsat,10.965852968
yolo,./benchmarks/yolo/onnx/TinyYOLO.onnx,./benchmarks/yolo/vnnlib/TinyYOLO_prop_000303_eps_1_255.vnnlib,11.397711264,unsat,10.887020382
yolo,./benchmarks/yolo/onnx/TinyYOLO.onnx,./benchmarks/yolo/vnnlib/TinyYOLO_prop_000450_eps_1_255.vnnlib,11.360969403,unsat,10.825732740
yolo,./benchmarks/yolo/onnx/TinyYOLO.onnx,./benchmarks/yolo/vnnlib/TinyYOLO_prop_000449_eps_1_255.vnnlib,28.508044540,timeout,317.127347641
yolo,./benchmarks/yolo/onnx/TinyYOLO.onnx,./benchmarks/yolo/vnnlib/TinyYOLO_prop_000096_eps_1_255.vnnlib,31.327834302,timeout,314.519502328
yolo,./benchmarks/yolo/onnx/TinyYOLO.onnx,./benchmarks/yolo/vnnlib/TinyYOLO_prop_000094_eps_1_255.vnnlib,11.247412129,unsat,11.061477432
yolo,./benchmarks/yolo/onnx/TinyYOLO.onnx,./benchmarks/yolo/vnnlib/TinyYOLO_prop_000454_eps_1_255.vnnlib,11.286061535,unsat,11.501208546
yolo,./benchmarks/yolo/onnx/TinyYOLO.onnx,./benchmarks/yolo/vnnlib/TinyYOLO_prop_000379_eps_1_255.vnnlib,26.161134406,unsat,25.724844338
yolo,./benchmarks/yolo/onnx/TinyYOLO.onnx,./benchmarks/yolo/vnnlib/TinyYOLO_prop_000050_eps_1_255.vnnlib,29.908442535,unsat,33.088774166
yolo,./benchmarks/yolo/onnx/TinyYOLO.onnx,./benchmarks/yolo/vnnlib/TinyYOLO_prop_000320_eps_1_255.vnnlib,11.442368019,unsat,11.106927883
yolo,./benchmarks/yolo/onnx/TinyYOLO.onnx,./benchmarks/yolo/vnnlib/TinyYOLO_prop_000077_eps_1_255.vnnlib,11.667937472,unsat,10.904865279
yolo,./benchmarks/yolo/onnx/TinyYOLO.onnx,./benchmarks/yolo/vnnlib/TinyYOLO_prop_000447_eps_1_255.vnnlib,27.081623663,unsat,35.827628495
yolo,./benchmarks/yolo/onnx/TinyYOLO.onnx,./benchmarks/yolo/vnnlib/TinyYOLO_prop_000030_eps_1_255.vnnlib,28.189202903,unsat,84.456646624
yolo,./benchmarks/yolo/onnx/TinyYOLO.onnx,./benchmarks/yolo/vnnlib/TinyYOLO_prop_000414_eps_1_255.vnnlib,27.599719390,timeout,318.356776724
yolo,./benchmarks/yolo/onnx/TinyYOLO.onnx,./benchmarks/yolo/vnnlib/TinyYOLO_prop_000193_eps_1_255.vnnlib,27.957760732,timeout,314.087047740
yolo,./benchmarks/yolo/onnx/TinyYOLO.onnx,./benchmarks/yolo/vnnlib/TinyYOLO_prop_000123_eps_1_255.vnnlib,29.722078591,unsat,32.611344013
yolo,./benchmarks/yolo/onnx/TinyYOLO.onnx,./benchmarks/yolo/vnnlib/TinyYOLO_prop_000319_eps_1_255.vnnlib,31.790453749,timeout,324.246931336
yolo,./benchmarks/yolo/onnx/TinyYOLO.onnx,./benchmarks/yolo/vnnlib/TinyYOLO_prop_000158_eps_1_255.vnnlib,11.031576630,unsat,10.783375741
yolo,./benchmarks/yolo/onnx/TinyYOLO.onnx,./benchmarks/yolo/vnnlib/TinyYOLO_prop_000385_eps_1_255.vnnlib,27.396648190,timeout,318.774437839
yolo,./benchmarks/yolo/onnx/TinyYOLO.onnx,./benchmarks/yolo/vnnlib/TinyYOLO_prop_000358_eps_1_255.vnnlib,25.611950445,unsat,103.713373448
yolo,./benchmarks/yolo/onnx/TinyYOLO.onnx,./benchmarks/yolo/vnnlib/TinyYOLO_prop_000223_eps_1_255.vnnlib,11.247913840,unsat,10.791547616
yolo,./benchmarks/yolo/onnx/TinyYOLO.onnx,./benchmarks/yolo/vnnlib/TinyYOLO_prop_000114_eps_1_255.vnnlib,11.008807227,unsat,10.763452252
yolo,./benchmarks/yolo/onnx/TinyYOLO.onnx,./benchmarks/yolo/vnnlib/TinyYOLO_prop_000343_eps_1_255.vnnlib,26.767760384,timeout,314.732697238
yolo,./benchmarks/yolo/onnx/TinyYOLO.onnx,./benchmarks/yolo/vnnlib/TinyYOLO_prop_000270_eps_1_255.vnnlib,11.030048204,unsat,10.806294968
yolo,./benchmarks/yolo/onnx/TinyYOLO.onnx,./benchmarks/yolo/vnnlib/TinyYOLO_prop_000232_eps_1_255.vnnlib,26.792314727,timeout,311.487826506
yolo,./benchmarks/yolo/onnx/TinyYOLO.onnx,./benchmarks/yolo/vnnlib/TinyYOLO_prop_000053_eps_1_255.vnnlib,11.030843977,unsat,10.843415042
yolo,./benchmarks/yolo/onnx/TinyYOLO.onnx,./benchmarks/yolo/vnnlib/TinyYOLO_prop_000248_eps_1_255.vnnlib,11.024916667,unsat,10.826361433
yolo,./benchmarks/yolo/onnx/TinyYOLO.onnx,./benchmarks/yolo/vnnlib/TinyYOLO_prop_000097_eps_1_255.vnnlib,10.971539301,unsat,10.737307916
yolo,./benchmarks/yolo/onnx/TinyYOLO.onnx,./benchmarks/yolo/vnnlib/TinyYOLO_prop_000137_eps_1_255.vnnlib,11.056601089,unsat,10.857410242
yolo,./benchmarks/yolo/onnx/TinyYOLO.onnx,./benchmarks/yolo/vnnlib/TinyYOLO_prop_000124_eps_1_255.vnnlib,11.001462444,unsat,10.749010565
yolo,./benchmarks/yolo/onnx/TinyYOLO.onnx,./benchmarks/yolo/vnnlib/TinyYOLO_prop_000166_eps_1_255.vnnlib,27.590010561,unsat,97.851952387
yolo,./benchmarks/yolo/onnx/TinyYOLO.onnx,./benchmarks/yolo/vnnlib/TinyYOLO_prop_000279_eps_1_255.vnnlib,10.988353215,unsat,10.781341409
yolo,./benchmarks/yolo/onnx/TinyYOLO.onnx,./benchmarks/yolo/vnnlib/TinyYOLO_prop_000451_eps_1_255.vnnlib,11.058787180,unsat,10.977515781
yolo,./benchmarks/yolo/onnx/TinyYOLO.onnx,./benchmarks/yolo/vnnlib/TinyYOLO_prop_000215_eps_1_255.vnnlib,26.039526413,timeout,313.530118649
yolo,./benchmarks/yolo/onnx/TinyYOLO.onnx,./benchmarks/yolo/vnnlib/TinyYOLO_prop_000370_eps_1_255.vnnlib,11.014759588,unsat,10.778809354
yolo,./benchmarks/yolo/onnx/TinyYOLO.onnx,./benchmarks/yolo/vnnlib/TinyYOLO_prop_000190_eps_1_255.vnnlib,27.214861122,timeout,314.479798312
yolo,./benchmarks/yolo/onnx/TinyYOLO.onnx,./benchmarks/yolo/vnnlib/TinyYOLO_prop_000285_eps_1_255.vnnlib,11.009222075,unsat,10.786322447
yolo,./benchmarks/yolo/onnx/TinyYOLO.onnx,./benchmarks/yolo/vnnlib/TinyYOLO_prop_000143_eps_1_255.vnnlib,14.057765364,unsat,13.611190713
yolo,./benchmarks/yolo/onnx/TinyYOLO.onnx,./benchmarks/yolo/vnnlib/TinyYOLO_prop_000263_eps_1_255.vnnlib,26.159061919,unsat,43.474814334
yolo,./benchmarks/yolo/onnx/TinyYOLO.onnx,./benchmarks/yolo/vnnlib/TinyYOLO_prop_000309_eps_1_255.vnnlib,11.025173297,unsat,10.776048367
yolo,./benchmarks/yolo/onnx/TinyYOLO.onnx,./benchmarks/yolo/vnnlib/TinyYOLO_prop_000161_eps_1_255.vnnlib,11.025327684,unsat,10.849555931
yolo,./benchmarks/yolo/onnx/TinyYOLO.onnx,./benchmarks/yolo/vnnlib/TinyYOLO_prop_000258_eps_1_255.vnnlib,11.015079970,unsat,10.775461052
yolo,./benchmarks/yolo/onnx/TinyYOLO.onnx,./benchmarks/yolo/vnnlib/TinyYOLO_prop_000009_eps_1_255.vnnlib,11.047492302,unsat,10.824954331
yolo,./benchmarks/yolo/onnx/TinyYOLO.onnx,./benchmarks/yolo/vnnlib/TinyYOLO_prop_000297_eps_1_255.vnnlib,11.019962012,unsat,10.801866495
yolo,./benchmarks/yolo/onnx/TinyYOLO.onnx,./benchmarks/yolo/vnnlib/TinyYOLO_prop_000131_eps_1_255.vnnlib,11.062448531,unsat,10.804587371
yolo,./benchmarks/yolo/onnx/TinyYOLO.onnx,./benchmarks/yolo/vnnlib/TinyYOLO_prop_000380_eps_1_255.vnnlib,10.974904798,unsat,10.734541670
yolo,./benchmarks/yolo/onnx/TinyYOLO.onnx,./benchmarks/yolo/vnnlib/TinyYOLO_prop_000230_eps_1_255.vnnlib,11.024625959,unsat,10.841387543
yolo,./benchmarks/yolo/onnx/TinyYOLO.onnx,./benchmarks/yolo/vnnlib/TinyYOLO_prop_000352_eps_1_255.vnnlib,11.037951453,unsat,10.819825462
yolo,./benchmarks/yolo/onnx/TinyYOLO.onnx,./benchmarks/yolo/vnnlib/TinyYOLO_prop_000306_eps_1_255.vnnlib,10.997907888,unsat,10.820844197
yolo,./benchmarks/yolo/onnx/TinyYOLO.onnx,./benchmarks/yolo/vnnlib/TinyYOLO_prop_000359_eps_1_255.vnnlib,11.062631200,unsat,10.865194107
yolo,./benchmarks/yolo/onnx/TinyYOLO.onnx,./benchmarks/yolo/vnnlib/TinyYOLO_prop_000141_eps_1_255.vnnlib,10.984138186,unsat,10.732035132
yolo,./benchmarks/yolo/onnx/TinyYOLO.onnx,./benchmarks/yolo/vnnlib/TinyYOLO_prop_000422_eps_1_255.vnnlib,10.998892496,unsat,10.810564386
yolo,./benchmarks/yolo/onnx/TinyYOLO.onnx,./benchmarks/yolo/vnnlib/TinyYOLO_prop_000281_eps_1_255.vnnlib,11.075144101,unsat,10.800466851
yolo,./benchmarks/yolo/onnx/TinyYOLO.onnx,./benchmarks/yolo/vnnlib/TinyYOLO_prop_000316_eps_1_255.vnnlib,11.024394456,unsat,10.802412226
yolo,./benchmarks/yolo/onnx/TinyYOLO.onnx,./benchmarks/yolo/vnnlib/TinyYOLO_prop_000149_eps_1_255.vnnlib,11.044463044,unsat,10.746929266
yolo,./benchmarks/yolo/onnx/TinyYOLO.onnx,./benchmarks/yolo/vnnlib/TinyYOLO_prop_000237_eps_1_255.vnnlib,11.021039637,unsat,10.801020764
yolo,./benchmarks/yolo/onnx/TinyYOLO.onnx,./benchmarks/yolo/vnnlib/TinyYOLO_prop_000079_eps_1_255.vnnlib,25.746604271,timeout,312.410582481
yolo,./benchmarks/yolo/onnx/TinyYOLO.onnx,./benchmarks/yolo/vnnlib/TinyYOLO_prop_000368_eps_1_255.vnnlib,10.964529174,unsat,10.751610261
yolo,./benchmarks/yolo/onnx/TinyYOLO.onnx,./benchmarks/yolo/vnnlib/TinyYOLO_prop_000247_eps_1_255.vnnlib,10.955224816,unsat,10.744766746
yolo,./benchmarks/yolo/onnx/TinyYOLO.onnx,./benchmarks/yolo/vnnlib/TinyYOLO_prop_000341_eps_1_255.vnnlib,11.035439936,unsat,10.830791725
yolo,./benchmarks/yolo/onnx/TinyYOLO.onnx,./benchmarks/yolo/vnnlib/TinyYOLO_prop_000184_eps_1_255.vnnlib,25.669252205,timeout,312.029146709
yolo,./benchmarks/yolo/onnx/TinyYOLO.onnx,./benchmarks/yolo/vnnlib/TinyYOLO_prop_000107_eps_1_255.vnnlib,10.998165709,unsat,10.782054319
yolo,./benchmarks/yolo/onnx/TinyYOLO.onnx,./benchmarks/yolo/vnnlib/TinyYOLO_prop_000437_eps_1_255.vnnlib,25.733737784,timeout,312.355338498
yolo,./benchmarks/yolo/onnx/TinyYOLO.onnx,./benchmarks/yolo/vnnlib/TinyYOLO_prop_000290_eps_1_255.vnnlib,11.020697187,unsat,10.826057427
yolo,./benchmarks/yolo/onnx/TinyYOLO.onnx,./benchmarks/yolo/vnnlib/TinyYOLO_prop_000364_eps_1_255.vnnlib,28.628191245,timeout,313.747752564
yolo,./benchmarks/yolo/onnx/TinyYOLO.onnx,./benchmarks/yolo/vnnlib/TinyYOLO_prop_000265_eps_1_255.vnnlib,10.974905636,unsat,10.789187272
yolo,./benchmarks/yolo/onnx/TinyYOLO.onnx,./benchmarks/yolo/vnnlib/TinyYOLO_prop_000441_eps_1_255.vnnlib,11.018641880,unsat,10.834467433
yolo,./benchmarks/yolo/onnx/TinyYOLO.onnx,./benchmarks/yolo/vnnlib/TinyYOLO_prop_000111_eps_1_255.vnnlib,10.957740833,unsat,10.731862223
yolo,./benchmarks/yolo/onnx/TinyYOLO.onnx,./benchmarks/yolo/vnnlib/TinyYOLO_prop_000459_eps_1_255.vnnlib,11.079900317,unsat,10.861696314
yolo,./benchmarks/yolo/onnx/TinyYOLO.onnx,./benchmarks/yolo/vnnlib/TinyYOLO_prop_000299_eps_1_255.vnnlib,11.047927339,unsat,10.831330333
yolo,./benchmarks/yolo/onnx/TinyYOLO.onnx,./benchmarks/yolo/vnnlib/TinyYOLO_prop_000253_eps_1_255.vnnlib,11.002957571,unsat,10.746415863
yolo,./benchmarks/yolo/onnx/TinyYOLO.onnx,./benchmarks/yolo/vnnlib/TinyYOLO_prop_000192_eps_1_255.vnnlib,11.046904127,unsat,10.878395998
yolo,./benchmarks/yolo/onnx/TinyYOLO.onnx,./benchmarks/yolo/vnnlib/TinyYOLO_prop_000038_eps_1_255.vnnlib,10.960610471,unsat,10.781540461
yolo,./benchmarks/yolo/onnx/TinyYOLO.onnx,./benchmarks/yolo/vnnlib/TinyYOLO_prop_000448_eps_1_255.vnnlib,11.038418109,unsat,10.844103378
yolo,./benchmarks/yolo/onnx/TinyYOLO.onnx,./benchmarks/yolo/vnnlib/TinyYOLO_prop_000340_eps_1_255.vnnlib,11.008716299,unsat,10.757457108
yolo,./benchmarks/yolo/onnx/TinyYOLO.onnx,./benchmarks/yolo/vnnlib/TinyYOLO_prop_000016_eps_1_255.vnnlib,11.010350944,unsat,10.794827529
yolo,./benchmarks/yolo/onnx/TinyYOLO.onnx,./benchmarks/yolo/vnnlib/TinyYOLO_prop_000052_eps_1_255.vnnlib,11.017592760,unsat,10.811037533
yolo,./benchmarks/yolo/onnx/TinyYOLO.onnx,./benchmarks/yolo/vnnlib/TinyYOLO_prop_000047_eps_1_255.vnnlib,10.982524816,unsat,10.749200764
yolo,./benchmarks/yolo/onnx/TinyYOLO.onnx,./benchmarks/yolo/vnnlib/TinyYOLO_prop_000335_eps_1_255.vnnlib,10.990238350,unsat,10.784545134
yolo,./benchmarks/yolo/onnx/TinyYOLO.onnx,./benchmarks/yolo/vnnlib/TinyYOLO_prop_000132_eps_1_255.vnnlib,11.082241275,unsat,10.877510393
yolo,./benchmarks/yolo/onnx/TinyYOLO.onnx,./benchmarks/yolo/vnnlib/TinyYOLO_prop_000356_eps_1_255.vnnlib,11.009866772,unsat,10.759331967
yolo,./benchmarks/yolo/onnx/TinyYOLO.onnx,./benchmarks/yolo/vnnlib/TinyYOLO_prop_000070_eps_1_255.vnnlib,25.775084283,timeout,312.557373250
yolo,./benchmarks/yolo/onnx/TinyYOLO.onnx,./benchmarks/yolo/vnnlib/TinyYOLO_prop_000049_eps_1_255.vnnlib,25.213815595,unsat,46.976476164
yolo,./benchmarks/yolo/onnx/TinyYOLO.onnx,./benchmarks/yolo/vnnlib/TinyYOLO_prop_000004_eps_1_255.vnnlib,11.087703543,unsat,10.828646300
yolo,./benchmarks/yolo/onnx/TinyYOLO.onnx,./benchmarks/yolo/vnnlib/TinyYOLO_prop_000330_eps_1_255.vnnlib,11.023843469,unsat,10.820392114
yolo,./benchmarks/yolo/onnx/TinyYOLO.onnx,./benchmarks/yolo/vnnlib/TinyYOLO_prop_000273_eps_1_255.vnnlib,11.025594984,unsat,10.843604316
yolo,./benchmarks/yolo/onnx/TinyYOLO.onnx,./benchmarks/yolo/vnnlib/TinyYOLO_prop_000382_eps_1_255.vnnlib,10.973046749,unsat,10.741061373
yolo,./benchmarks/yolo/onnx/TinyYOLO.onnx,./benchmarks/yolo/vnnlib/TinyYOLO_prop_000463_eps_1_255.vnnlib,11.062354078,unsat,10.804942612
yolo,./benchmarks/yolo/onnx/TinyYOLO.onnx,./benchmarks/yolo/vnnlib/TinyYOLO_prop_000328_eps_1_255.vnnlib,26.170647206,timeout,312.649390506
yolo,./benchmarks/yolo/onnx/TinyYOLO.onnx,./benchmarks/yolo/vnnlib/TinyYOLO_prop_000203_eps_1_255.vnnlib,10.973592999,unsat,10.724895698
yolo,./benchmarks/yolo/onnx/TinyYOLO.onnx,./benchmarks/yolo/vnnlib/TinyYOLO_prop_000224_eps_1_255.vnnlib,26.667523580,timeout,314.204260330
yolo,./benchmarks/yolo/onnx/TinyYOLO.onnx,./benchmarks/yolo/vnnlib/TinyYOLO_prop_000008_eps_1_255.vnnlib,26.915089384,unsat,64.705238297
yolo,./benchmarks/yolo/onnx/TinyYOLO.onnx,./benchmarks/yolo/vnnlib/TinyYOLO_prop_000135_eps_1_255.vnnlib,30.184584683,timeout,317.132785146
yolo,./benchmarks/yolo/onnx/TinyYOLO.onnx,./benchmarks/yolo/vnnlib/TinyYOLO_prop_000218_eps_1_255.vnnlib,11.057737003,unsat,10.799373697
yolo,./benchmarks/yolo/onnx/TinyYOLO.onnx,./benchmarks/yolo/vnnlib/TinyYOLO_prop_000336_eps_1_255.vnnlib,13.961112912,unsat,13.785177238
yolo,./benchmarks/yolo/onnx/TinyYOLO.onnx,./benchmarks/yolo/vnnlib/TinyYOLO_prop_000406_eps_1_255.vnnlib,11.019150092,unsat,10.807254433
yolo,./benchmarks/yolo/onnx/TinyYOLO.onnx,./benchmarks/yolo/vnnlib/TinyYOLO_prop_000412_eps_1_255.vnnlib,11.117526386,unsat,10.786855407
yolo,./benchmarks/yolo/onnx/TinyYOLO.onnx,./benchmarks/yolo/vnnlib/TinyYOLO_prop_000444_eps_1_255.vnnlib,10.960615865,unsat,10.760385939
yolo,./benchmarks/yolo/onnx/TinyYOLO.onnx,./benchmarks/yolo/vnnlib/TinyYOLO_prop_000225_eps_1_255.vnnlib,11.006927264,unsat,10.786795036
yolo,./benchmarks/yolo/onnx/TinyYOLO.onnx,./benchmarks/yolo/vnnlib/TinyYOLO_prop_000206_eps_1_255.vnnlib,11.083921532,unsat,10.846236266
yolo,./benchmarks/yolo/onnx/TinyYOLO.onnx,./benchmarks/yolo/vnnlib/TinyYOLO_prop_000154_eps_1_255.vnnlib,27.866181554,unsat,32.604529966
yolo,./benchmarks/yolo/onnx/TinyYOLO.onnx,./benchmarks/yolo/vnnlib/TinyYOLO_prop_000040_eps_1_255.vnnlib,27.170824878,timeout,314.630444294
yolo,./benchmarks/yolo/onnx/TinyYOLO.onnx,./benchmarks/yolo/vnnlib/TinyYOLO_prop_000116_eps_1_255.vnnlib,11.012028082,unsat,10.810611413
yolo,./benchmarks/yolo/onnx/TinyYOLO.onnx,./benchmarks/yolo/vnnlib/TinyYOLO_prop_000109_eps_1_255.vnnlib,26.084008157,timeout,313.653111785
yolo,./benchmarks/yolo/onnx/TinyYOLO.onnx,./benchmarks/yolo/vnnlib/TinyYOLO_prop_000458_eps_1_255.vnnlib,10.997406736,unsat,10.777741345
yolo,./benchmarks/yolo/onnx/TinyYOLO.onnx,./benchmarks/yolo/vnnlib/TinyYOLO_prop_000252_eps_1_255.vnnlib,16.259267495,unsat,16.045160580
yolo,./benchmarks/yolo/onnx/TinyYOLO.onnx,./benchmarks/yolo/vnnlib/TinyYOLO_prop_000457_eps_1_255.vnnlib,27.919755462,timeout,312.735194673
yolo,./benchmarks/yolo/onnx/TinyYOLO.onnx,./benchmarks/yolo/vnnlib/TinyYOLO_prop_000172_eps_1_255.vnnlib,27.840349568,unsat,45.966388254
yolo,./benchmarks/yolo/onnx/TinyYOLO.onnx,./benchmarks/yolo/vnnlib/TinyYOLO_prop_000086_eps_1_255.vnnlib,10.938162750,unsat,10.766429519
yolo,./benchmarks/yolo/onnx/TinyYOLO.onnx,./benchmarks/yolo/vnnlib/TinyYOLO_prop_000001_eps_1_255.vnnlib,10.971953478,unsat,10.766840486
yolo,./benchmarks/yolo/onnx/TinyYOLO.onnx,./benchmarks/yolo/vnnlib/TinyYOLO_prop_000460_eps_1_255.vnnlib,11.022283179,unsat,10.848087682
yolo,./benchmarks/yolo/onnx/TinyYOLO.onnx,./benchmarks/yolo/vnnlib/TinyYOLO_prop_000430_eps_1_255.vnnlib,11.007861677,unsat,10.762932808
yolo,./benchmarks/yolo/onnx/TinyYOLO.onnx,./benchmarks/yolo/vnnlib/TinyYOLO_prop_000160_eps_1_255.vnnlib,25.564174173,timeout,315.937318967
yolo,./benchmarks/yolo/onnx/TinyYOLO.onnx,./benchmarks/yolo/vnnlib/TinyYOLO_prop_000091_eps_1_255.vnnlib,29.442780547,timeout,319.068162873
yolo,./benchmarks/yolo/onnx/TinyYOLO.onnx,./benchmarks/yolo/vnnlib/TinyYOLO_prop_000178_eps_1_255.vnnlib,10.990512809,unsat,10.753439113
yolo,./benchmarks/yolo/onnx/TinyYOLO.onnx,./benchmarks/yolo/vnnlib/TinyYOLO_prop_000031_eps_1_255.vnnlib,11.048174755,unsat,10.849220984
yolo,./benchmarks/yolo/onnx/TinyYOLO.onnx,./benchmarks/yolo/vnnlib/TinyYOLO_prop_000134_eps_1_255.vnnlib,10.978188507,unsat,10.742603451
yolo,./benchmarks/yolo/onnx/TinyYOLO.onnx,./benchmarks/yolo/vnnlib/TinyYOLO_prop_000019_eps_1_255.vnnlib,25.649766431,timeout,311.187215928
yolo,./benchmarks/yolo/onnx/TinyYOLO.onnx,./benchmarks/yolo/vnnlib/TinyYOLO_prop_000293_eps_1_255.vnnlib,10.986674026,unsat,10.807848145
yolo,./benchmarks/yolo/onnx/TinyYOLO.onnx,./benchmarks/yolo/vnnlib/TinyYOLO_prop_000402_eps_1_255.vnnlib,11.054418982,unsat,10.800358952
yolo,./benchmarks/yolo/onnx/TinyYOLO.onnx,./benchmarks/yolo/vnnlib/TinyYOLO_prop_000174_eps_1_255.vnnlib,15.277907634,unsat,15.087794598
yolo,./benchmarks/yolo/onnx/TinyYOLO.onnx,./benchmarks/yolo/vnnlib/TinyYOLO_prop_000415_eps_1_255.vnnlib,11.051389655,unsat,10.803303636
yolo,./benchmarks/yolo/onnx/TinyYOLO.onnx,./benchmarks/yolo/vnnlib/TinyYOLO_prop_000046_eps_1_255.vnnlib,25.505197427,timeout,316.497189541
yolo,./benchmarks/yolo/onnx/TinyYOLO.onnx,./benchmarks/yolo/vnnlib/TinyYOLO_prop_000222_eps_1_255.vnnlib,11.014078688,unsat,10.750095535
yolo,./benchmarks/yolo/onnx/TinyYOLO.onnx,./benchmarks/yolo/vnnlib/TinyYOLO_prop_000042_eps_1_255.vnnlib,24.436314325,unsat,26.378267525
yolo,./benchmarks/yolo/onnx/TinyYOLO.onnx,./benchmarks/yolo/vnnlib/TinyYOLO_prop_000113_eps_1_255.vnnlib,11.012379211,unsat,10.818193741
yolo,./benchmarks/yolo/onnx/TinyYOLO.onnx,./benchmarks/yolo/vnnlib/TinyYOLO_prop_000345_eps_1_255.vnnlib,10.966296431,unsat,10.943076521
yolo,./benchmarks/yolo/onnx/TinyYOLO.onnx,./benchmarks/yolo/vnnlib/TinyYOLO_prop_000353_eps_1_255.vnnlib,10.988790254,unsat,10.763366636
yolo,./benchmarks/yolo/onnx/TinyYOLO.onnx,./benchmarks/yolo/vnnlib/TinyYOLO_prop_000416_eps_1_255.vnnlib,11.004761980,unsat,10.803967595
yolo,./benchmarks/yolo/onnx/TinyYOLO.onnx,./benchmarks/yolo/vnnlib/TinyYOLO_prop_000000_eps_1_255.vnnlib,11.078015002,unsat,10.826715719
yolo,./benchmarks/yolo/onnx/TinyYOLO.onnx,./benchmarks/yolo/vnnlib/TinyYOLO_prop_000130_eps_1_255.vnnlib,29.825356000,timeout,312.714028886
yolo,./benchmarks/yolo/onnx/TinyYOLO.onnx,./benchmarks/yolo/vnnlib/TinyYOLO_prop_000298_eps_1_255.vnnlib,11.032230510,unsat,10.820075195
yolo,./benchmarks/yolo/onnx/TinyYOLO.onnx,./benchmarks/yolo/vnnlib/TinyYOLO_prop_000313_eps_1_255.vnnlib,11.008571665,unsat,10.798975846
yolo,./benchmarks/yolo/onnx/TinyYOLO.onnx,./benchmarks/yolo/vnnlib/TinyYOLO_prop_000431_eps_1_255.vnnlib,11.058744073,unsat,10.824587148
yolo,./benchmarks/yolo/onnx/TinyYOLO.onnx,./benchmarks/yolo/vnnlib/TinyYOLO_prop_000073_eps_1_255.vnnlib,11.002400372,unsat,10.774158674
yolo,./benchmarks/yolo/onnx/TinyYOLO.onnx,./benchmarks/yolo/vnnlib/TinyYOLO_prop_000168_eps_1_255.vnnlib,11.007594735,unsat,10.794965652
yolo,./benchmarks/yolo/onnx/TinyYOLO.onnx,./benchmarks/yolo/vnnlib/TinyYOLO_prop_000366_eps_1_255.vnnlib,11.010243820,unsat,10.787512908
yolo,./benchmarks/yolo/onnx/TinyYOLO.onnx,./benchmarks/yolo/vnnlib/TinyYOLO_prop_000324_eps_1_255.vnnlib,10.990271744,unsat,10.788874146
yolo,./benchmarks/yolo/onnx/TinyYOLO.onnx,./benchmarks/yolo/vnnlib/TinyYOLO_prop_000436_eps_1_255.vnnlib,11.077153558,unsat,10.807460538
yolo,./benchmarks/yolo/onnx/TinyYOLO.onnx,./benchmarks/yolo/vnnlib/TinyYOLO_prop_000057_eps_1_255.vnnlib,11.028942054,unsat,10.799754898
yolo,./benchmarks/yolo/onnx/TinyYOLO.onnx,./benchmarks/yolo/vnnlib/TinyYOLO_prop_000181_eps_1_255.vnnlib,30.549972639,timeout,312.732808237
yolo,./benchmarks/yolo/onnx/TinyYOLO.onnx,./benchmarks/yolo/vnnlib/TinyYOLO_prop_000198_eps_1_255.vnnlib,11.033831323,unsat,10.861567073
yolo,./benchmarks/yolo/onnx/TinyYOLO.onnx,./benchmarks/yolo/vnnlib/TinyYOLO_prop_000186_eps_1_255.vnnlib,29.494956662,unsat,30.118166565
yolo,./benchmarks/yolo/onnx/TinyYOLO.onnx,./benchmarks/yolo/vnnlib/TinyYOLO_prop_000409_eps_1_255.vnnlib,11.060154101,unsat,10.795353941
yolo,./benchmarks/yolo/onnx/TinyYOLO.onnx,./benchmarks/yolo/vnnlib/TinyYOLO_prop_000037_eps_1_255.vnnlib,25.265927840,timeout,312.690681395
yolo,./benchmarks/yolo/onnx/TinyYOLO.onnx,./benchmarks/yolo/vnnlib/TinyYOLO_prop_000064_eps_1_255.vnnlib,27.869178259,unsat,165.219577434
yolo,./benchmarks/yolo/onnx/TinyYOLO.onnx,./benchmarks/yolo/vnnlib/TinyYOLO_prop_000238_eps_1_255.vnnlib,11.010992579,unsat,10.760680938
yolo,./benchmarks/yolo/onnx/TinyYOLO.onnx,./benchmarks/yolo/vnnlib/TinyYOLO_prop_000005_eps_1_255.vnnlib,11.021154610,unsat,10.848461984
yolo,./benchmarks/yolo/onnx/TinyYOLO.onnx,./benchmarks/yolo/vnnlib/TinyYOLO_prop_000095_eps_1_255.vnnlib,11.010804316,unsat,10.792948715
yolo,./benchmarks/yolo/onnx/TinyYOLO.onnx,./benchmarks/yolo/vnnlib/TinyYOLO_prop_000417_eps_1_255.vnnlib,11.054688666,unsat,10.846542397
yolo,./benchmarks/yolo/onnx/TinyYOLO.onnx,./benchmarks/yolo/vnnlib/TinyYOLO_prop_000120_eps_1_255.vnnlib,10.996124589,unsat,10.797054893
yolo,./benchmarks/yolo/onnx/TinyYOLO.onnx,./benchmarks/yolo/vnnlib/TinyYOLO_prop_000378_eps_1_255.vnnlib,11.045495076,unsat,10.782665556
yolo,./benchmarks/yolo/onnx/TinyYOLO.onnx,./benchmarks/yolo/vnnlib/TinyYOLO_prop_000377_eps_1_255.vnnlib,11.021695123,unsat,10.779066092
yolo,./benchmarks/yolo/onnx/TinyYOLO.onnx,./benchmarks/yolo/vnnlib/TinyYOLO_prop_000101_eps_1_255.vnnlib,10.985593329,unsat,10.783062557
yolo,./benchmarks/yolo/onnx/TinyYOLO.onnx,./benchmarks/yolo/vnnlib/TinyYOLO_prop_000445_eps_1_255.vnnlib,11.038755737,unsat,10.843700137
yolo,./benchmarks/yolo/onnx/TinyYOLO.onnx,./benchmarks/yolo/vnnlib/TinyYOLO_prop_000122_eps_1_255.vnnlib,10.950113625,unsat,10.751916402
yolo,./benchmarks/yolo/onnx/TinyYOLO.onnx,./benchmarks/yolo/vnnlib/TinyYOLO_prop_000013_eps_1_255.vnnlib,10.996637914,unsat,10.795014445
yolo,./benchmarks/yolo/onnx/TinyYOLO.onnx,./benchmarks/yolo/vnnlib/TinyYOLO_prop_000327_eps_1_255.vnnlib,10.982932960,unsat,10.775001947
yolo,./benchmarks/yolo/onnx/TinyYOLO.onnx,./benchmarks/yolo/vnnlib/TinyYOLO_prop_000128_eps_1_255.vnnlib,26.883640322,timeout,318.338060945
yolo,./benchmarks/yolo/onnx/TinyYOLO.onnx,./benchmarks/yolo/vnnlib/TinyYOLO_prop_000110_eps_1_255.vnnlib,10.980401637,unsat,10.768061272
yolo,./benchmarks/yolo/onnx/TinyYOLO.onnx,./benchmarks/yolo/vnnlib/TinyYOLO_prop_000220_eps_1_255.vnnlib,11.008380719,unsat,10.830412116
yolo,./benchmarks/yolo/onnx/TinyYOLO.onnx,./benchmarks/yolo/vnnlib/TinyYOLO_prop_000075_eps_1_255.vnnlib,25.928101183,timeout,313.210216873
yolo,./benchmarks/yolo/onnx/TinyYOLO.onnx,./benchmarks/yolo/vnnlib/TinyYOLO_prop_000211_eps_1_255.vnnlib,25.921366651,timeout,317.894573350
yolo,./benchmarks/yolo/onnx/TinyYOLO.onnx,./benchmarks/yolo/vnnlib/TinyYOLO_prop_000196_eps_1_255.vnnlib,11.036252864,unsat,10.850370550
yolo,./benchmarks/yolo/onnx/TinyYOLO.onnx,./benchmarks/yolo/vnnlib/TinyYOLO_prop_000456_eps_1_255.vnnlib,11.052654679,unsat,10.806871168
yolo,./benchmarks/yolo/onnx/TinyYOLO.onnx,./benchmarks/yolo/vnnlib/TinyYOLO_prop_000217_eps_1_255.vnnlib,27.316807035,timeout,310.798963343
yolo,./benchmarks/yolo/onnx/TinyYOLO.onnx,./benchmarks/yolo/vnnlib/TinyYOLO_prop_000163_eps_1_255.vnnlib,10.963397883,unsat,10.741238445
yolo,./benchmarks/yolo/onnx/TinyYOLO.onnx,./benchmarks/yolo/vnnlib/TinyYOLO_prop_000061_eps_1_255.vnnlib,11.075593793,unsat,10.836272000
yolo,./benchmarks/yolo/onnx/TinyYOLO.onnx,./benchmarks/yolo/vnnlib/TinyYOLO_prop_000226_eps_1_255.vnnlib,10.969100648,unsat,10.785566256
yolo,./benchmarks/yolo/onnx/TinyYOLO.onnx,./benchmarks/yolo/vnnlib/TinyYOLO_prop_000255_eps_1_255.vnnlib,26.570767014,unsat,34.597535912
yolo,./benchmarks/yolo/onnx/TinyYOLO.onnx,./benchmarks/yolo/vnnlib/TinyYOLO_prop_000055_eps_1_255.vnnlib,11.057488394,unsat,10.804915881
yolo,./benchmarks/yolo/onnx/TinyYOLO.onnx,./benchmarks/yolo/vnnlib/TinyYOLO_prop_000089_eps_1_255.vnnlib,10.969338932,unsat,10.772905597
yolo,./benchmarks/yolo/onnx/TinyYOLO.onnx,./benchmarks/yolo/vnnlib/TinyYOLO_prop_000182_eps_1_255.vnnlib,29.375045213,timeout,317.718730194
yolo,./benchmarks/yolo/onnx/TinyYOLO.onnx,./benchmarks/yolo/vnnlib/TinyYOLO_prop_000058_eps_1_255.vnnlib,11.001498327,unsat,10.758275848
yolo,./benchmarks/yolo/onnx/TinyYOLO.onnx,./benchmarks/yolo/vnnlib/TinyYOLO_prop_000144_eps_1_255.vnnlib,10.957649290,unsat,10.801406837
yolo,./benchmarks/yolo/onnx/TinyYOLO.onnx,./benchmarks/yolo/vnnlib/TinyYOLO_prop_000440_eps_1_255.vnnlib,11.041031832,unsat,10.794238106
yolo,./benchmarks/yolo/onnx/TinyYOLO.onnx,./benchmarks/yolo/vnnlib/TinyYOLO_prop_000029_eps_1_255.vnnlib,11.019567531,unsat,10.801119977
yolo,./benchmarks/yolo/onnx/TinyYOLO.onnx,./benchmarks/yolo/vnnlib/TinyYOLO_prop_000338_eps_1_255.vnnlib,11.055634950,unsat,10.812640172
yolo,./benchmarks/yolo/onnx/TinyYOLO.onnx,./benchmarks/yolo/vnnlib/TinyYOLO_prop_000148_eps_1_255.vnnlib,11.015630635,unsat,10.819485345
yolo,./benchmarks/yolo/onnx/TinyYOLO.onnx,./benchmarks/yolo/vnnlib/TinyYOLO_prop_000227_eps_1_255.vnnlib,25.112748814,timeout,317.650094901
yolo,./benchmarks/yolo/onnx/TinyYOLO.onnx,./benchmarks/yolo/vnnlib/TinyYOLO_prop_000421_eps_1_255.vnnlib,15.316616856,unsat,15.084922600
yolo,./benchmarks/yolo/onnx/TinyYOLO.onnx,./benchmarks/yolo/vnnlib/TinyYOLO_prop_000085_eps_1_255.vnnlib,11.014110177,unsat,10.798562333
yolo,./benchmarks/yolo/onnx/TinyYOLO.onnx,./benchmarks/yolo/vnnlib/TinyYOLO_prop_000333_eps_1_255.vnnlib,11.011457857,unsat,10.799327734
yolo,./benchmarks/yolo/onnx/TinyYOLO.onnx,./benchmarks/yolo/vnnlib/TinyYOLO_prop_000331_eps_1_255.vnnlib,10.953146101,unsat,10.764230065
yolo,./benchmarks/yolo/onnx/TinyYOLO.onnx,./benchmarks/yolo/vnnlib/TinyYOLO_prop_000384_eps_1_255.vnnlib,10.955496616,unsat,10.769507803
yolo,./benchmarks/yolo/onnx/TinyYOLO.onnx,./benchmarks/yolo/vnnlib/TinyYOLO_prop_000043_eps_1_255.vnnlib,25.700615549,timeout,311.369885979
yolo,./benchmarks/yolo/onnx/TinyYOLO.onnx,./benchmarks/yolo/vnnlib/TinyYOLO_prop_000294_eps_1_255.vnnlib,10.990191300,unsat,10.776428597
yolo,./benchmarks/yolo/onnx/TinyYOLO.onnx,./benchmarks/yolo/vnnlib/TinyYOLO_prop_000146_eps_1_255.vnnlib,11.053678650,unsat,10.851365815
yolo,./benchmarks/yolo/onnx/TinyYOLO.onnx,./benchmarks/yolo/vnnlib/TinyYOLO_prop_000374_eps_1_255.vnnlib,11.120691714,unsat,10.806116887
yolo,./benchmarks/yolo/onnx/TinyYOLO.onnx,./benchmarks/yolo/vnnlib/TinyYOLO_prop_000259_eps_1_255.vnnlib,10.982089643,unsat,10.730292985
yolo,./benchmarks/yolo/onnx/TinyYOLO.onnx,./benchmarks/yolo/vnnlib/TinyYOLO_prop_000017_eps_1_255.vnnlib,11.036451259,unsat,10.817826066
yolo,./benchmarks/yolo/onnx/TinyYOLO.onnx,./benchmarks/yolo/vnnlib/TinyYOLO_prop_000251_eps_1_255.vnnlib,10.987621108,unsat,10.754015024
yolo,./benchmarks/yolo/onnx/TinyYOLO.onnx,./benchmarks/yolo/vnnlib/TinyYOLO_prop_000112_eps_1_255.vnnlib,11.028049205,unsat,10.787497477
yolo,./benchmarks/yolo/onnx/TinyYOLO.onnx,./benchmarks/yolo/vnnlib/TinyYOLO_prop_000185_eps_1_255.vnnlib,10.964355741,unsat,10.803016201
yolo,./benchmarks/yolo/onnx/TinyYOLO.onnx,./benchmarks/yolo/vnnlib/TinyYOLO_prop_000007_eps_1_255.vnnlib,11.551195797,timeout,326.597993765
yolo,./benchmarks/yolo/onnx/TinyYOLO.onnx,./benchmarks/yolo/vnnlib/TinyYOLO_prop_000090_eps_1_255.vnnlib,25.096890295,timeout,312.761183580
yolo,./benchmarks/yolo/onnx/TinyYOLO.onnx,./benchmarks/yolo/vnnlib/TinyYOLO_prop_000360_eps_1_255.vnnlib,11.025797443,unsat,10.828890745
yolo,./benchmarks/yolo/onnx/TinyYOLO.onnx,./benchmarks/yolo/vnnlib/TinyYOLO_prop_000367_eps_1_255.vnnlib,11.044316554,unsat,10.786968036
yolo,./benchmarks/yolo/onnx/TinyYOLO.onnx,./benchmarks/yolo/vnnlib/TinyYOLO_prop_000100_eps_1_255.vnnlib,10.974687543,unsat,10.825060267
yolo,./benchmarks/yolo/onnx/TinyYOLO.onnx,./benchmarks/yolo/vnnlib/TinyYOLO_prop_000165_eps_1_255.vnnlib,11.049581868,unsat,10.835691064
yolo,./benchmarks/yolo/onnx/TinyYOLO.onnx,./benchmarks/yolo/vnnlib/TinyYOLO_prop_000433_eps_1_255.vnnlib,11.060838750,unsat,10.834943244
yolo,./benchmarks/yolo/onnx/TinyYOLO.onnx,./benchmarks/yolo/vnnlib/TinyYOLO_prop_000093_eps_1_255.vnnlib,11.030334599,unsat,10.821217808
yolo,./benchmarks/yolo/onnx/TinyYOLO.onnx,./benchmarks/yolo/vnnlib/TinyYOLO_prop_000325_eps_1_255.vnnlib,10.961817698,unsat,10.753457242
yolo,./benchmarks/yolo/onnx/TinyYOLO.onnx,./benchmarks/yolo/vnnlib/TinyYOLO_prop_000157_eps_1_255.vnnlib,11.022255073,unsat,10.815463086
yolo,./benchmarks/yolo/onnx/TinyYOLO.onnx,./benchmarks/yolo/vnnlib/TinyYOLO_prop_000048_eps_1_255.vnnlib,10.965188944,unsat,10.799781782
yolo,./benchmarks/yolo/onnx/TinyYOLO.onnx,./benchmarks/yolo/vnnlib/TinyYOLO_prop_000307_eps_1_255.vnnlib,11.026794718,unsat,10.837478337
yolo,./benchmarks/yolo/onnx/TinyYOLO.onnx,./benchmarks/yolo/vnnlib/TinyYOLO_prop_000351_eps_1_255.vnnlib,11.203679667,unsat,10.821635609
yolo,./benchmarks/yolo/onnx/TinyYOLO.onnx,./benchmarks/yolo/vnnlib/TinyYOLO_prop_000228_eps_1_255.vnnlib,10.973739549,unsat,10.736409626
yolo,./benchmarks/yolo/onnx/TinyYOLO.onnx,./benchmarks/yolo/vnnlib/TinyYOLO_prop_000108_eps_1_255.vnnlib,11.016962076,unsat,10.800333780
yolo,./benchmarks/yolo/onnx/TinyYOLO.onnx,./benchmarks/yolo/vnnlib/TinyYOLO_prop_000362_eps_1_255.vnnlib,11.129321907,unsat,10.833441408
yolo,./benchmarks/yolo/onnx/TinyYOLO.onnx,./benchmarks/yolo/vnnlib/TinyYOLO_prop_000032_eps_1_255.vnnlib,28.100168903,unsat,28.921030194
yolo,./benchmarks/yolo/onnx/TinyYOLO.onnx,./benchmarks/yolo/vnnlib/TinyYOLO_prop_000435_eps_1_255.vnnlib,11.006082403,unsat,10.799357012
yolo,./benchmarks/yolo/onnx/TinyYOLO.onnx,./benchmarks/yolo/vnnlib/TinyYOLO_prop_000167_eps_1_255.vnnlib,10.959725510,unsat,10.745364498
yolo,./benchmarks/yolo/onnx/TinyYOLO.onnx,./benchmarks/yolo/vnnlib/TinyYOLO_prop_000317_eps_1_255.vnnlib,11.027175101,unsat,10.800172895
yolo,./benchmarks/yolo/onnx/TinyYOLO.onnx,./benchmarks/yolo/vnnlib/TinyYOLO_prop_000044_eps_1_255.vnnlib,11.024884734,unsat,10.859890777
yolo,./benchmarks/yolo/onnx/TinyYOLO.onnx,./benchmarks/yolo/vnnlib/TinyYOLO_prop_000153_eps_1_255.vnnlib,11.101991772,unsat,10.818204927
yolo,./benchmarks/yolo/onnx/TinyYOLO.onnx,./benchmarks/yolo/vnnlib/TinyYOLO_prop_000216_eps_1_255.vnnlib,27.076053264,unsat,77.034661295
yolo,./benchmarks/yolo/onnx/TinyYOLO.onnx,./benchmarks/yolo/vnnlib/TinyYOLO_prop_000289_eps_1_255.vnnlib,16.703092770,unsat,16.080199972
yolo,./benchmarks/yolo/onnx/TinyYOLO.onnx,./benchmarks/yolo/vnnlib/TinyYOLO_prop_000396_eps_1_255.vnnlib,11.027951064,unsat,10.791361839
yolo,./benchmarks/yolo/onnx/TinyYOLO.onnx,./benchmarks/yolo/vnnlib/TinyYOLO_prop_000105_eps_1_255.vnnlib,11.036769252,unsat,10.809796261
yolo,./benchmarks/yolo/onnx/TinyYOLO.onnx,./benchmarks/yolo/vnnlib/TinyYOLO_prop_000235_eps_1_255.vnnlib,27.638134573,timeout,317.161883383
yolo,./benchmarks/yolo/onnx/TinyYOLO.onnx,./benchmarks/yolo/vnnlib/TinyYOLO_prop_000098_eps_1_255.vnnlib,14.055227044,unsat,13.805558933
yolo,./benchmarks/yolo/onnx/TinyYOLO.onnx,./benchmarks/yolo/vnnlib/TinyYOLO_prop_000041_eps_1_255.vnnlib,28.944941305,timeout,313.537976344
yolo,./benchmarks/yolo/onnx/TinyYOLO.onnx,./benchmarks/yolo/vnnlib/TinyYOLO_prop_000242_eps_1_255.vnnlib,10.981072976,unsat,10.764161082
yolo,./benchmarks/yolo/onnx/TinyYOLO.onnx,./benchmarks/yolo/vnnlib/TinyYOLO_prop_000332_eps_1_255.vnnlib,26.808138603,timeout,316.620232217
yolo,./benchmarks/yolo/onnx/TinyYOLO.onnx,./benchmarks/yolo/vnnlib/TinyYOLO_prop_000420_eps_1_255.vnnlib,11.012944215,unsat,10.839970561
yolo,./benchmarks/yolo/onnx/TinyYOLO.onnx,./benchmarks/yolo/vnnlib/TinyYOLO_prop_000078_eps_1_255.vnnlib,11.015082459,unsat,10.789697208
yolo,./benchmarks/yolo/onnx/TinyYOLO.onnx,./benchmarks/yolo/vnnlib/TinyYOLO_prop_000034_eps_1_255.vnnlib,11.028738092,unsat,10.800899146
yolo,./benchmarks/yolo/onnx/TinyYOLO.onnx,./benchmarks/yolo/vnnlib/TinyYOLO_prop_000260_eps_1_255.vnnlib,11.013744100,unsat,10.747478866
yolo,./benchmarks/yolo/onnx/TinyYOLO.onnx,./benchmarks/yolo/vnnlib/TinyYOLO_prop_000207_eps_1_255.vnnlib,26.822486829,timeout,316.643302525
yolo,./benchmarks/yolo/onnx/TinyYOLO.onnx,./benchmarks/yolo/vnnlib/TinyYOLO_prop_000301_eps_1_255.vnnlib,11.060776133,unsat,10.843581143
yolo,./benchmarks/yolo/onnx/TinyYOLO.onnx,./benchmarks/yolo/vnnlib/TinyYOLO_prop_000229_eps_1_255.vnnlib,11.012234886,unsat,10.782041467
yolo,./benchmarks/yolo/onnx/TinyYOLO.onnx,./benchmarks/yolo/vnnlib/TinyYOLO_prop_000249_eps_1_255.vnnlib,11.000172440,unsat,10.841517038
yolo,./benchmarks/yolo/onnx/TinyYOLO.onnx,./benchmarks/yolo/vnnlib/TinyYOLO_prop_000361_eps_1_255.vnnlib,11.067855102,unsat,10.830587774
yolo,./benchmarks/yolo/onnx/TinyYOLO.onnx,./benchmarks/yolo/vnnlib/TinyYOLO_prop_000200_eps_1_255.vnnlib,10.982482042,unsat,10.794722112
yolo,./benchmarks/yolo/onnx/TinyYOLO.onnx,./benchmarks/yolo/vnnlib/TinyYOLO_prop_000106_eps_1_255.vnnlib,11.046268163,unsat,10.809149903
yolo,./benchmarks/yolo/onnx/TinyYOLO.onnx,./benchmarks/yolo/vnnlib/TinyYOLO_prop_000159_eps_1_255.vnnlib,11.030053697,unsat,10.866544437
yolo,./benchmarks/yolo/onnx/TinyYOLO.onnx,./benchmarks/yolo/vnnlib/TinyYOLO_prop_000081_eps_1_255.vnnlib,11.039806634,unsat,10.804626479
yolo,./benchmarks/yolo/onnx/TinyYOLO.onnx,./benchmarks/yolo/vnnlib/TinyYOLO_prop_000246_eps_1_255.vnnlib,10.963176606,unsat,10.773683120
yolo,./benchmarks/yolo/onnx/TinyYOLO.onnx,./benchmarks/yolo/vnnlib/TinyYOLO_prop_000369_eps_1_255.vnnlib,26.139885469,timeout,314.997727677
yolo,./benchmarks/yolo/onnx/TinyYOLO.onnx,./benchmarks/yolo/vnnlib/TinyYOLO_prop_000266_eps_1_255.vnnlib,10.994562531,unsat,10.775193335
yolo,./benchmarks/yolo/onnx/TinyYOLO.onnx,./benchmarks/yolo/vnnlib/TinyYOLO_prop_000140_eps_1_255.vnnlib,13.797874664,unsat,13.599234119
yolo,./benchmarks/yolo/onnx/TinyYOLO.onnx,./benchmarks/yolo/vnnlib/TinyYOLO_prop_000099_eps_1_255.vnnlib,10.978815187,unsat,10.762857017
yolo,./benchmarks/yolo/onnx/TinyYOLO.onnx,./benchmarks/yolo/vnnlib/TinyYOLO_prop_000065_eps_1_255.vnnlib,11.052046354,unsat,10.843497862
yolo,./benchmarks/yolo/onnx/TinyYOLO.onnx,./benchmarks/yolo/vnnlib/TinyYOLO_prop_000197_eps_1_255.vnnlib,11.057202768,unsat,10.856184933
yolo,./benchmarks/yolo/onnx/TinyYOLO.onnx,./benchmarks/yolo/vnnlib/TinyYOLO_prop_000133_eps_1_255.vnnlib,26.361740088,timeout,317.377828086
yolo,./benchmarks/yolo/onnx/TinyYOLO.onnx,./benchmarks/yolo/vnnlib/TinyYOLO_prop_000413_eps_1_255.vnnlib,10.949073437,unsat,10.725187184
yolo,./benchmarks/yolo/onnx/TinyYOLO.onnx,./benchmarks/yolo/vnnlib/TinyYOLO_prop_000349_eps_1_255.vnnlib,11.070644099,unsat,10.805385414
yolo,./benchmarks/yolo/onnx/TinyYOLO.onnx,./benchmarks/yolo/vnnlib/TinyYOLO_prop_000372_eps_1_255.vnnlib,10.994238169,unsat,10.751823124
yolo,./benchmarks/yolo/onnx/TinyYOLO.onnx,./benchmarks/yolo/vnnlib/TinyYOLO_prop_000342_eps_1_255.vnnlib,11.043537601,unsat,10.862917717
yolo,./benchmarks/yolo/onnx/TinyYOLO.onnx,./benchmarks/yolo/vnnlib/TinyYOLO_prop_000399_eps_1_255.vnnlib,10.949751173,unsat,10.741379438
yolo,./benchmarks/yolo/onnx/TinyYOLO.onnx,./benchmarks/yolo/vnnlib/TinyYOLO_prop_000311_eps_1_255.vnnlib,11.025549418,unsat,10.802728328
yolo,./benchmarks/yolo/onnx/TinyYOLO.onnx,./benchmarks/yolo/vnnlib/TinyYOLO_prop_000315_eps_1_255.vnnlib,10.973992437,unsat,10.774208894
yolo,./benchmarks/yolo/onnx/TinyYOLO.onnx,./benchmarks/yolo/vnnlib/TinyYOLO_prop_000329_eps_1_255.vnnlib,10.988504434,unsat,10.767246619
yolo,./benchmarks/yolo/onnx/TinyYOLO.onnx,./benchmarks/yolo/vnnlib/TinyYOLO_prop_000241_eps_1_255.vnnlib,11.054428940,unsat,10.817537174
yolo,./benchmarks/yolo/onnx/TinyYOLO.onnx,./benchmarks/yolo/vnnlib/TinyYOLO_prop_000183_eps_1_255.vnnlib,27.545489233,unsat,50.927999115
yolo,./benchmarks/yolo/onnx/TinyYOLO.onnx,./benchmarks/yolo/vnnlib/TinyYOLO_prop_000354_eps_1_255.vnnlib,11.054734648,unsat,10.891408568
yolo,./benchmarks/yolo/onnx/TinyYOLO.onnx,./benchmarks/yolo/vnnlib/TinyYOLO_prop_000395_eps_1_255.vnnlib,25.018741808,timeout,313.145118850
yolo,./benchmarks/yolo/onnx/TinyYOLO.onnx,./benchmarks/yolo/vnnlib/TinyYOLO_prop_000233_eps_1_255.vnnlib,11.052920774,unsat,10.837424021
yolo,./benchmarks/yolo/onnx/TinyYOLO.onnx,./benchmarks/yolo/vnnlib/TinyYOLO_prop_000054_eps_1_255.vnnlib,10.983001297,unsat,10.824348466
yolo,./benchmarks/yolo/onnx/TinyYOLO.onnx,./benchmarks/yolo/vnnlib/TinyYOLO_prop_000118_eps_1_255.vnnlib,11.041304294,unsat,10.852717435
yolo,./benchmarks/yolo/onnx/TinyYOLO.onnx,./benchmarks/yolo/vnnlib/TinyYOLO_prop_000429_eps_1_255.vnnlib,10.953226407,unsat,10.739846671
yolo,./benchmarks/yolo/onnx/TinyYOLO.onnx,./benchmarks/yolo/vnnlib/TinyYOLO_prop_000169_eps_1_255.vnnlib,11.048803817,unsat,10.838535129
yolo,./benchmarks/yolo/onnx/TinyYOLO.onnx,./benchmarks/yolo/vnnlib/TinyYOLO_prop_000256_eps_1_255.vnnlib,11.063304598,unsat,10.846890054
yolo,./benchmarks/yolo/onnx/TinyYOLO.onnx,./benchmarks/yolo/vnnlib/TinyYOLO_prop_000365_eps_1_255.vnnlib,11.038499040,unsat,10.843215201
yolo,./benchmarks/yolo/onnx/TinyYOLO.onnx,./benchmarks/yolo/vnnlib/TinyYOLO_prop_000428_eps_1_255.vnnlib,11.010636143,unsat,10.798185414
yolo,./benchmarks/yolo/onnx/TinyYOLO.onnx,./benchmarks/yolo/vnnlib/TinyYOLO_prop_000423_eps_1_255.vnnlib,11.033842830,unsat,10.808760388
yolo,./benchmarks/yolo/onnx/TinyYOLO.onnx,./benchmarks/yolo/vnnlib/TinyYOLO_prop_000212_eps_1_255.vnnlib,11.022826532,unsat,10.792396856
yolo,./benchmarks/yolo/onnx/TinyYOLO.onnx,./benchmarks/yolo/vnnlib/TinyYOLO_prop_000405_eps_1_255.vnnlib,11.043028719,unsat,10.749923743
yolo,./benchmarks/yolo/onnx/TinyYOLO.onnx,./benchmarks/yolo/vnnlib/TinyYOLO_prop_000204_eps_1_255.vnnlib,10.991572162,unsat,10.827872557
yolo,./benchmarks/yolo/onnx/TinyYOLO.onnx,./benchmarks/yolo/vnnlib/TinyYOLO_prop_000388_eps_1_255.vnnlib,11.031532214,unsat,10.798422368
yolo,./benchmarks/yolo/onnx/TinyYOLO.onnx,./benchmarks/yolo/vnnlib/TinyYOLO_prop_000292_eps_1_255.vnnlib,11.017081842,unsat,10.794233406
yolo,./benchmarks/yolo/onnx/TinyYOLO.onnx,./benchmarks/yolo/vnnlib/TinyYOLO_prop_000453_eps_1_255.vnnlib,10.944634391,unsat,10.990422964
yolo,./benchmarks/yolo/onnx/TinyYOLO.onnx,./benchmarks/yolo/vnnlib/TinyYOLO_prop_000275_eps_1_255.vnnlib,25.677418223,timeout,313.376353110
yolo,./benchmarks/yolo/onnx/TinyYOLO.onnx,./benchmarks/yolo/vnnlib/TinyYOLO_prop_000254_eps_1_255.vnnlib,28.640274995,timeout,316.957552595
yolo,./benchmarks/yolo/onnx/TinyYOLO.onnx,./benchmarks/yolo/vnnlib/TinyYOLO_prop_000035_eps_1_255.vnnlib,26.967484389,timeout,315.906309735
yolo,./benchmarks/yolo/onnx/TinyYOLO.onnx,./benchmarks/yolo/vnnlib/TinyYOLO_prop_000295_eps_1_255.vnnlib,10.959154693,unsat,10.764184898
yolo,./benchmarks/yolo/onnx/TinyYOLO.onnx,./benchmarks/yolo/vnnlib/TinyYOLO_prop_000302_eps_1_255.vnnlib,11.029571551,unsat,10.839747391
yolo,./benchmarks/yolo/onnx/TinyYOLO.onnx,./benchmarks/yolo/vnnlib/TinyYOLO_prop_000072_eps_1_255.vnnlib,10.975248504,unsat,10.748325899
yolo,./benchmarks/yolo/onnx/TinyYOLO.onnx,./benchmarks/yolo/vnnlib/TinyYOLO_prop_000350_eps_1_255.vnnlib,11.005316740,unsat,10.863702310
yolo,./benchmarks/yolo/onnx/TinyYOLO.onnx,./benchmarks/yolo/vnnlib/TinyYOLO_prop_000088_eps_1_255.vnnlib,10.948341822,unsat,10.750005826
yolo,./benchmarks/yolo/onnx/TinyYOLO.onnx,./benchmarks/yolo/vnnlib/TinyYOLO_prop_000272_eps_1_255.vnnlib,10.993985335,unsat,10.785673357
yolo,./benchmarks/yolo/onnx/TinyYOLO.onnx,./benchmarks/yolo/vnnlib/TinyYOLO_prop_000383_eps_1_255.vnnlib,29.105010750,unsat,28.916874706
yolo,./benchmarks/yolo/onnx/TinyYOLO.onnx,./benchmarks/yolo/vnnlib/TinyYOLO_prop_000376_eps_1_255.vnnlib,10.996351020,unsat,10.812650392
yolo,./benchmarks/yolo/onnx/TinyYOLO.onnx,./benchmarks/yolo/vnnlib/TinyYOLO_prop_000277_eps_1_255.vnnlib,11.050562221,unsat,10.810212431
yolo,./benchmarks/yolo/onnx/TinyYOLO.onnx,./benchmarks/yolo/vnnlib/TinyYOLO_prop_000455_eps_1_255.vnnlib,26.008695755,unsat,84.684442355
yolo,./benchmarks/yolo/onnx/TinyYOLO.onnx,./benchmarks/yolo/vnnlib/TinyYOLO_prop_000438_eps_1_255.vnnlib,11.017793930,unsat,10.839761830
yolo,./benchmarks/yolo/onnx/TinyYOLO.onnx,./benchmarks/yolo/vnnlib/TinyYOLO_prop_000400_eps_1_255.vnnlib,10.966311535,unsat,10.759565279
yolo,./benchmarks/yolo/onnx/TinyYOLO.onnx,./benchmarks/yolo/vnnlib/TinyYOLO_prop_000080_eps_1_255.vnnlib,11.075373453,unsat,10.819028093
yolo,./benchmarks/yolo/onnx/TinyYOLO.onnx,./benchmarks/yolo/vnnlib/TinyYOLO_prop_000208_eps_1_255.vnnlib,25.718884468,unsat,28.398319165
yolo,./benchmarks/yolo/onnx/TinyYOLO.onnx,./benchmarks/yolo/vnnlib/TinyYOLO_prop_000387_eps_1_255.vnnlib,11.015253100,unsat,10.825779267
yolo,./benchmarks/yolo/onnx/TinyYOLO.onnx,./benchmarks/yolo/vnnlib/TinyYOLO_prop_000126_eps_1_255.vnnlib,10.996731227,unsat,10.797816141
yolo,./benchmarks/yolo/onnx/TinyYOLO.onnx,./benchmarks/yolo/vnnlib/TinyYOLO_prop_000231_eps_1_255.vnnlib,10.961508946,unsat,10.757320330
yolo,./benchmarks/yolo/onnx/TinyYOLO.onnx,./benchmarks/yolo/vnnlib/TinyYOLO_prop_000278_eps_1_255.vnnlib,25.334457601,unsat,32.050446378
yolo,./benchmarks/yolo/onnx/TinyYOLO.onnx,./benchmarks/yolo/vnnlib/TinyYOLO_prop_000403_eps_1_255.vnnlib,27.434533955,unsat,110.746930978
yolo,./benchmarks/yolo/onnx/TinyYOLO.onnx,./benchmarks/yolo/vnnlib/TinyYOLO_prop_000194_eps_1_255.vnnlib,11.068959235,unsat,10.815373811
yolo,./benchmarks/yolo/onnx/TinyYOLO.onnx,./benchmarks/yolo/vnnlib/TinyYOLO_prop_000389_eps_1_255.vnnlib,26.604099109,unsat,26.406529688
yolo,./benchmarks/yolo/onnx/TinyYOLO.onnx,./benchmarks/yolo/vnnlib/TinyYOLO_prop_000010_eps_1_255.vnnlib,13.747670094,unsat,13.504509958
yolo,./benchmarks/yolo/onnx/TinyYOLO.onnx,./benchmarks/yolo/vnnlib/TinyYOLO_prop_000283_eps_1_255.vnnlib,10.969757123,unsat,10.757818983
yolo,./benchmarks/yolo/onnx/TinyYOLO.onnx,./benchmarks/yolo/vnnlib/TinyYOLO_prop_000337_eps_1_255.vnnlib,15.695647419,unsat,15.507548948
yolo,./benchmarks/yolo/onnx/TinyYOLO.onnx,./benchmarks/yolo/vnnlib/TinyYOLO_prop_000155_eps_1_255.vnnlib,10.962016521,unsat,10.796378546
yolo,./benchmarks/yolo/onnx/TinyYOLO.onnx,./benchmarks/yolo/vnnlib/TinyYOLO_prop_000318_eps_1_255.vnnlib,11.038786647,unsat,10.782322435
yolo,./benchmarks/yolo/onnx/TinyYOLO.onnx,./benchmarks/yolo/vnnlib/TinyYOLO_prop_000363_eps_1_255.vnnlib,11.553250473,timeout,330.402026118
yolo,./benchmarks/yolo/onnx/TinyYOLO.onnx,./benchmarks/yolo/vnnlib/TinyYOLO_prop_000003_eps_1_255.vnnlib,10.986818924,unsat,10.739977125
yolo,./benchmarks/yolo/onnx/TinyYOLO.onnx,./benchmarks/yolo/vnnlib/TinyYOLO_prop_000045_eps_1_255.vnnlib,11.020339519,unsat,10.782715222
yolo,./benchmarks/yolo/onnx/TinyYOLO.onnx,./benchmarks/yolo/vnnlib/TinyYOLO_prop_000147_eps_1_255.vnnlib,26.426186272,timeout,313.752334711
yolo,./benchmarks/yolo/onnx/TinyYOLO.onnx,./benchmarks/yolo/vnnlib/TinyYOLO_prop_000156_eps_1_255.vnnlib,11.001940697,unsat,10.800454117
yolo,./benchmarks/yolo/onnx/TinyYOLO.onnx,./benchmarks/yolo/vnnlib/TinyYOLO_prop_000021_eps_1_255.vnnlib,10.955075370,unsat,10.771602461
yolo,./benchmarks/yolo/onnx/TinyYOLO.onnx,./benchmarks/yolo/vnnlib/TinyYOLO_prop_000151_eps_1_255.vnnlib,10.996968172,unsat,10.822718159
yolo,./benchmarks/yolo/onnx/TinyYOLO.onnx,./benchmarks/yolo/vnnlib/TinyYOLO_prop_000210_eps_1_255.vnnlib,11.034188535,unsat,10.786238107
yolo,./benchmarks/yolo/onnx/TinyYOLO.onnx,./benchmarks/yolo/vnnlib/TinyYOLO_prop_000060_eps_1_255.vnnlib,11.016029712,unsat,10.856986242
yolo,./benchmarks/yolo/onnx/TinyYOLO.onnx,./benchmarks/yolo/vnnlib/TinyYOLO_prop_000199_eps_1_255.vnnlib,11.014474032,unsat,10.797931113
yolo,./benchmarks/yolo/onnx/TinyYOLO.onnx,./benchmarks/yolo/vnnlib/TinyYOLO_prop_000087_eps_1_255.vnnlib,11.031645774,unsat,10.791695848
yolo,./benchmarks/yolo/onnx/TinyYOLO.onnx,./benchmarks/yolo/vnnlib/TinyYOLO_prop_000250_eps_1_255.vnnlib,11.027908130,unsat,10.817590276
yolo,./benchmarks/yolo/onnx/TinyYOLO.onnx,./benchmarks/yolo/vnnlib/TinyYOLO_prop_000346_eps_1_255.vnnlib,11.022715824,unsat,10.814686123
yolo,./benchmarks/yolo/onnx/TinyYOLO.onnx,./benchmarks/yolo/vnnlib/TinyYOLO_prop_000187_eps_1_255.vnnlib,11.020200800,unsat,10.778607506
yolo,./benchmarks/yolo/onnx/TinyYOLO.onnx,./benchmarks/yolo/vnnlib/TinyYOLO_prop_000024_eps_1_255.vnnlib,25.135345693,timeout,312.718750270
yolo,./benchmarks/yolo/onnx/TinyYOLO.onnx,./benchmarks/yolo/vnnlib/TinyYOLO_prop_000339_eps_1_255.vnnlib,11.031388922,unsat,10.827551994
yolo,./benchmarks/yolo/onnx/TinyYOLO.onnx,./benchmarks/yolo/vnnlib/TinyYOLO_prop_000015_eps_1_255.vnnlib,11.043111240,unsat,10.819468960
yolo,./benchmarks/yolo/onnx/TinyYOLO.onnx,./benchmarks/yolo/vnnlib/TinyYOLO_prop_000221_eps_1_255.vnnlib,10.978539339,unsat,10.793693027
yolo,./benchmarks/yolo/onnx/TinyYOLO.onnx,./benchmarks/yolo/vnnlib/TinyYOLO_prop_000308_eps_1_255.vnnlib,29.324218913,timeout,318.700787867
yolo,./benchmarks/yolo/onnx/TinyYOLO.onnx,./benchmarks/yolo/vnnlib/TinyYOLO_prop_000234_eps_1_255.vnnlib,10.977870568,unsat,10.734776736
yolo,./benchmarks/yolo/onnx/TinyYOLO.onnx,./benchmarks/yolo/vnnlib/TinyYOLO_prop_000018_eps_1_255.vnnlib,30.217805237,timeout,318.121772033
yolo,./benchmarks/yolo/onnx/TinyYOLO.onnx,./benchmarks/yolo/vnnlib/TinyYOLO_prop_000117_eps_1_255.vnnlib,25.541117613,timeout,313.483452833
yolo,./benchmarks/yolo/onnx/TinyYOLO.onnx,./benchmarks/yolo/vnnlib/TinyYOLO_prop_000462_eps_1_255.vnnlib,11.532646671,timeout,327.590367918
yolo,./benchmarks/yolo/onnx/TinyYOLO.onnx,./benchmarks/yolo/vnnlib/TinyYOLO_prop_000125_eps_1_255.vnnlib,27.837545043,unsat,31.465357676
yolo,./benchmarks/yolo/onnx/TinyYOLO.onnx,./benchmarks/yolo/vnnlib/TinyYOLO_prop_000104_eps_1_255.vnnlib,10.992004816,unsat,10.733737158
yolo,./benchmarks/yolo/onnx/TinyYOLO.onnx,./benchmarks/yolo/vnnlib/TinyYOLO_prop_000347_eps_1_255.vnnlib,10.992818207,unsat,10.819628638
yolo,./benchmarks/yolo/onnx/TinyYOLO.onnx,./benchmarks/yolo/vnnlib/TinyYOLO_prop_000205_eps_1_255.vnnlib,11.028007765,unsat,10.814742335
yolo,./benchmarks/yolo/onnx/TinyYOLO.onnx,./benchmarks/yolo/vnnlib/TinyYOLO_prop_000039_eps_1_255.vnnlib,11.040486287,unsat,10.810681733
yolo,./benchmarks/yolo/onnx/TinyYOLO.onnx,./benchmarks/yolo/vnnlib/TinyYOLO_prop_000284_eps_1_255.vnnlib,11.030953791,unsat,10.771192319
yolo,./benchmarks/yolo/onnx/TinyYOLO.onnx,./benchmarks/yolo/vnnlib/TinyYOLO_prop_000410_eps_1_255.vnnlib,16.279046089,unsat,16.091144416
yolo,./benchmarks/yolo/onnx/TinyYOLO.onnx,./benchmarks/yolo/vnnlib/TinyYOLO_prop_000066_eps_1_255.vnnlib,11.035161495,unsat,10.775270887
yolo,./benchmarks/yolo/onnx/TinyYOLO.onnx,./benchmarks/yolo/vnnlib/TinyYOLO_prop_000268_eps_1_255.vnnlib,10.964986533,unsat,10.780027899
yolo,./benchmarks/yolo/onnx/TinyYOLO.onnx,./benchmarks/yolo/vnnlib/TinyYOLO_prop_000261_eps_1_255.vnnlib,10.965725656,unsat,10.735901512
yolo,./benchmarks/yolo/onnx/TinyYOLO.onnx,./benchmarks/yolo/vnnlib/TinyYOLO_prop_000188_eps_1_255.vnnlib,10.970540071,unsat,10.788418731
yolo,./benchmarks/yolo/onnx/TinyYOLO.onnx,./benchmarks/yolo/vnnlib/TinyYOLO_prop_000442_eps_1_255.vnnlib,11.041729329,unsat,10.847710477
yolo,./benchmarks/yolo/onnx/TinyYOLO.onnx,./benchmarks/yolo/vnnlib/TinyYOLO_prop_000020_eps_1_255.vnnlib,10.954132207,unsat,10.751344874
yolo,./benchmarks/yolo/onnx/TinyYOLO.onnx,./benchmarks/yolo/vnnlib/TinyYOLO_prop_000152_eps_1_255.vnnlib,11.043288606,unsat,10.859634860
yolo,./benchmarks/yolo/onnx/TinyYOLO.onnx,./benchmarks/yolo/vnnlib/TinyYOLO_prop_000419_eps_1_255.vnnlib,11.038802229,unsat,10.805423434
yolo,./benchmarks/yolo/onnx/TinyYOLO.onnx,./benchmarks/yolo/vnnlib/TinyYOLO_prop_000139_eps_1_255.vnnlib,10.983787462,unsat,10.822414634
yolo,./benchmarks/yolo/onnx/TinyYOLO.onnx,./benchmarks/yolo/vnnlib/TinyYOLO_prop_000138_eps_1_255.vnnlib,10.980479588,unsat,10.789270971
yolo,./benchmarks/yolo/onnx/TinyYOLO.onnx,./benchmarks/yolo/vnnlib/TinyYOLO_prop_000310_eps_1_255.vnnlib,11.042303417,unsat,10.827285402
yolo,./benchmarks/yolo/onnx/TinyYOLO.onnx,./benchmarks/yolo/vnnlib/TinyYOLO_prop_000119_eps_1_255.vnnlib,11.048419823,unsat,10.816346345
yolo,./benchmarks/yolo/onnx/TinyYOLO.onnx,./benchmarks/yolo/vnnlib/TinyYOLO_prop_000027_eps_1_255.vnnlib,10.976673711,unsat,10.850339171
yolo,./benchmarks/yolo/onnx/TinyYOLO.onnx,./benchmarks/yolo/vnnlib/TinyYOLO_prop_000411_eps_1_255.vnnlib,11.028002615,unsat,10.805030685
yolo,./benchmarks/yolo/onnx/TinyYOLO.onnx,./benchmarks/yolo/vnnlib/TinyYOLO_prop_000276_eps_1_255.vnnlib,11.017789473,unsat,10.835716520
yolo,./benchmarks/yolo/onnx/TinyYOLO.onnx,./benchmarks/yolo/vnnlib/TinyYOLO_prop_000121_eps_1_255.vnnlib,10.997832409,unsat,10.807134536
yolo,./benchmarks/yolo/onnx/TinyYOLO.onnx,./benchmarks/yolo/vnnlib/TinyYOLO_prop_000439_eps_1_255.vnnlib,11.022055424,unsat,10.834970815
yolo,./benchmarks/yolo/onnx/TinyYOLO.onnx,./benchmarks/yolo/vnnlib/TinyYOLO_prop_000304_eps_1_255.vnnlib,11.081986125,unsat,10.837193233
yolo,./benchmarks/yolo/onnx/TinyYOLO.onnx,./benchmarks/yolo/vnnlib/TinyYOLO_prop_000296_eps_1_255.vnnlib,26.308171262,timeout,318.116291541
yolo,./benchmarks/yolo/onnx/TinyYOLO.onnx,./benchmarks/yolo/vnnlib/TinyYOLO_prop_000393_eps_1_255.vnnlib,11.047121980,unsat,10.816116770
yolo,./benchmarks/yolo/onnx/TinyYOLO.onnx,./benchmarks/yolo/vnnlib/TinyYOLO_prop_000056_eps_1_255.vnnlib,11.110307916,unsat,10.828862064
yolo,./benchmarks/yolo/onnx/TinyYOLO.onnx,./benchmarks/yolo/vnnlib/TinyYOLO_prop_000012_eps_1_255.vnnlib,27.652073753,timeout,313.138093005
yolo,./benchmarks/yolo/onnx/TinyYOLO.onnx,./benchmarks/yolo/vnnlib/TinyYOLO_prop_000213_eps_1_255.vnnlib,27.969361095,timeout,316.592651035
yolo,./benchmarks/yolo/onnx/TinyYOLO.onnx,./benchmarks/yolo/vnnlib/TinyYOLO_prop_000164_eps_1_255.vnnlib,11.074083723,unsat,10.778396257
yolo,./benchmarks/yolo/onnx/TinyYOLO.onnx,./benchmarks/yolo/vnnlib/TinyYOLO_prop_000036_eps_1_255.vnnlib,29.575032151,timeout,314.901926745
yolo,./benchmarks/yolo/onnx/TinyYOLO.onnx,./benchmarks/yolo/vnnlib/TinyYOLO_prop_000006_eps_1_255.vnnlib,11.009475986,unsat,10.738237976
